sku,nombre,motivo
,Surgizime E2 bidon x 5 Lts,Nombre eliminado
,Surgizime O3 bidón x 5 Lts,Nombre eliminado
,Surgizime O3 bidón 5 litros,Nombre eliminado
,Surgizime E2 x 1 litro,Nombre eliminado
,Surgizime L5 x 5 Lts,Nombre eliminado
,Surgizime O3 x 1 litro,Nombre eliminado
,Surgibac PA Plus bidón x 5 Lts,Nombre eliminado
,Surginac PA Plus bidón x 5 Lts,Nombre eliminado
,Surgizime E2 x 5 Lts,Nombre eliminado
,Surgizime O3 1 litro,Nombre eliminado
,Surgizime E2 bidón 5 litros,Nombre eliminado
,Suribac PA 1 litro,Nombre eliminado
,Surgibac PA bidón 5 litros,Nombre eliminado
,Surgibac PA 5 litros,Nombre eliminado
,Surgibac PA botella 1 litro,Nombre eliminado
,Surgizime L5 x 5,Nombre eliminado
,Surgizime O3 botella por 1 litro,Nombre eliminado
,Surgizime L5 bidón 5 litros,Nombre eliminado
,Surgizime L5 bidón por 5 litros,Nombre eliminado
,Surgizime L5 botella x 1 Lt,Nombre eliminado
,Surgizime E2 x 1 Lt,Nombre eliminado
,Surgizime L5 bidon x 5 Lts,Nombre eliminado
,Surgizime O3 x 1 Lt,Nombre eliminado
,Surgizime O3 x 5 litros,Nombre eliminado
,Surgizime O3 x 5 Lts,Nombre eliminado
,Surgizime O3 bidón 5 L,Nombre eliminado
,Surgizime O3 bidon x 5 Lts,Nombre eliminado
,Surgizime E2 bidón por 5 litros,Nombre eliminado
,Surgizime E2 1 litro,Nombre eliminado
,Surgizime E2 bidón 5 L,Nombre eliminado
,Surgibac G 5 litros,Nombre eliminado
,Surgibac PA bidón por 5 litros,Nombre eliminado
,Surginac PA bidón x 5 Lts,Nombre eliminado
,Surgibac G por 5 litros,Nombre eliminado
,Surgibac G por 1 litro,Nombre eliminado
,Surgibac PA  x 1 litro,Nombre eliminado
,Surogizime L5 por 5 litros,Nombre eliminado
,Surgizzime O3 bidón 5 litros,Nombre eliminado
,Surgizzime L5 bidón 5 litros,Nombre eliminado
,Surgibac G bidon x 5 Lts,Nombre eliminado
,Surgibac G bidon por 5 litros,Nombre eliminado
,Surgibac G bidon 5 x Lts,Nombre eliminado
,Surgiba PA bidón 5 L,Nombre eliminado
,Surgba PA X 5 Lts,Nombre eliminado
,Srgizime O3botella 1 litro,Nombre eliminado
,Srgizime O3 bidón x 5 Lts,Nombre eliminado
,Srgizime O3 bidón por 5 litros,Nombre eliminado
,Sirgizime O3 bidon x 5 Lts,Nombre eliminado
,Surgibac PA botella,Nombre eliminado
,Surgibac PA Bidón x 5 Lts,Nombre eliminado
,Surgibac PA 1 litro,Nombre eliminado
,Surgibac PA  Plus botella x 1 Lt,Nombre eliminado
,Surgibac O3 bidón 5 litros,Nombre eliminado
,Surgibac G x 1 litro,Nombre eliminado
,Surgibac G Bidón x 5 Lts,Nombre eliminado
,Surgibac G bidón x 5 litros,Nombre eliminado
,Surgizime 03 bidón por 5,Nombre eliminado
,Surginac PA bidón por 5 litros,Nombre eliminado
,Surgibac PAbidón 5 litros,Nombre eliminado
,Surgibac PA x 1 Lts,Nombre eliminado
,"Surgibac PA Plus, bidon x 5 Lts",Nombre eliminado
,Surgibac PA Plus x 1 Lt,Nombre eliminado
,Surgibac PA Plus botella x 1 litro,Nombre eliminado
,Surgibac PA Plus 1 litro,Nombre eliminado
,Surgibac PA botella x 1 Lt,Nombre eliminado
,Surgibac PA botella por 1 litro,Nombre eliminado
,Surgizime E2 botella x 1 litro,Nombre eliminado
,Surgizime E2 botella por 1 Lt,Nombre eliminado
,Surgizime E2 botella por 1 litro,Nombre eliminado
,Surgizime E2 botella 1 lt,Nombre eliminado
,Surgizime E2 bidón 5,Nombre eliminado
,Surgizime E2 bidón,Nombre eliminado
,Surgizime E por 5 litros,Nombre eliminado
,Surgizime botella 1,Nombre eliminado
,Surgizime 03 botella x 1 Lt,Nombre eliminado
,Surgizime L5 por 1 litro,Nombre eliminado
,Surgizime L5 bidón 5 1 litros,Nombre eliminado
,Surgizime L5 bidón 5,Nombre eliminado
,Surgizime L5 bidón,Nombre eliminado
,Surgizime L5 bidon x 5 Lts 25 Lts,Nombre eliminado
,Surgizime L5 bidon x 5 Lt,Nombre eliminado
,Surgizime E2 x 1 Lts,Nombre eliminado
,Surgizime O3 bidón po 5 litros,Nombre eliminado
,Surgizime O3 bidón de 5 litros,Nombre eliminado
,Surgizime O3 bidón 5,Nombre eliminado
,Surgizime O3 bidón 1 litro,Nombre eliminado
,Surgizime O3 bidon x 5 litros,Nombre eliminado
,Surgizime O3  x 1 litro,Nombre eliminado
,Surgizime L5 x 1 litro,Nombre eliminado
,Surgizime L5 por 5 litros,Nombre eliminado
,Surgizime O· bidón por 5 litros,Nombre eliminado
,Surgizime O3 x 1 Lts,Nombre eliminado
,Surgizime O3 por 1 litro,Nombre eliminado
,Surgizime O3 botella x 1 litro,Nombre eliminado
,Surgizime O3 botella  x1 Lt,Nombre eliminado
,Surgizime O3 botella  x 1 Lt,Nombre eliminado
,Surgizime O3 botella,Nombre eliminado
