id,sku,codigo_visual,nombre,descripcion,rubro_id,proveedor_habitual_id,tasa_iva_id,tipo_producto,unidad_stock_id,unidad_compra_id,factor_compra,unidad_medida,activo,es_kit,created_at
1,,,Surgizime O3 botella x 1 Lt,,1,,,VENTA,,,1,UN,1,0,2025-12-12 18:28:42
2,,,Cofias,,1,,,VENTA,,,1,UN,1,0,2025-12-12 18:28:42
3,,,Guante nitrilo caja por 100 Un Talle L,,1,,,VENTA,,,1,UN,1,0,2025-12-12 18:28:42
4,,,Surgibac PA Plus bidon x 5 Lts,,1,,,VENTA,,,1,UN,1,0,2025-12-12 18:28:42
5,,,Guante veterinario bolsa por 100,,1,,,VENTA,,,1,UN,1,0,2025-12-12 18:28:42
6,,,Guante nitrilo caja por 100 Un Talle M,,1,,,VENTA,,,1,UN,1,0,2025-12-12 18:28:42
7,,,Surgizime E2 botella x 1 Lt,,1,,,VENTA,,,1,UN,1,0,2025-12-12 18:28:42
8,,,Surgibac PA PLUS botella x 1 Lt,,1,,,VENTA,,,1,UN,1,0,2025-12-12 18:28:42
9,,,Envío,,1,,,VENTA,,,1,UN,1,0,2025-12-12 18:28:42
10,,,Pack rollo 6 x 200,,1,,,VENTA,,,1,UN,1,0,2025-12-12 18:28:42
11,,,Surgizime O3 botella 1 litro,,1,,,VENTA,,,1,UN,1,0,2025-12-12 18:28:42
12,,,Surgizime E2 bidón x 5 lts,,1,,,VENTA,,,1,UN,1,0,2025-12-12 18:28:42
13,,,Surgizime E2 bidon x 5 Lts,,1,,,VENTA,,,1,UN,1,0,2025-12-12 18:28:42
14,,,Pack 6*200,,1,,,VENTA,,,1,UN,1,0,2025-12-12 18:28:42
15,,,Pack Toallas 6*200,,1,,,VENTA,,,1,UN,1,0,2025-12-12 18:28:42
16,,,Toallas 6*200,,1,,,VENTA,,,1,UN,1,0,2025-12-12 18:28:42
17,,,Surgibac PA,,1,,,VENTA,,,1,UN,1,0,2025-12-12 18:28:42
18,,,Surgizime O3 bidón x 5 Lts,,1,,,VENTA,,,1,UN,1,0,2025-12-12 18:28:42
19,,,Surgizime O3 bidón por 5 litros,,1,,,VENTA,,,1,UN,1,0,2025-12-12 18:28:42
20,,,Surgizime O3 bidón 5 litros,,1,,,VENTA,,,1,UN,1,0,2025-12-12 18:28:42
21,,,Guante nitrilo L caja por 100,,1,,,VENTA,,,1,UN,1,0,2025-12-12 18:28:42
22,,,Surgizime E2 x 1 litro,,1,,,VENTA,,,1,UN,1,0,2025-12-12 18:28:42
23,,,Surgizime L5 x 5 Lts,,1,,,VENTA,,,1,UN,1,0,2025-12-12 18:28:42
24,,,Surgizime O3 x 1 litro,,1,,,VENTA,,,1,UN,1,0,2025-12-12 18:28:42
25,,,Surgibac PA Plus bidón x 5 Lts,,1,,,VENTA,,,1,UN,1,0,2025-12-12 18:28:42
26,,,SURGIBAC G,,1,,,VENTA,,,1,UN,1,0,2025-12-12 18:28:42
27,,,Guantes veterinario por 100,,1,,,VENTA,,,1,UN,1,0,2025-12-12 18:28:42
28,,,Surginac PA Plus bidón x 5 Lts,,1,,,VENTA,,,1,UN,1,0,2025-12-12 18:28:42
29,,,Jabón BAC 500 cc,,1,,,VENTA,,,1,UN,1,0,2025-12-12 18:28:42
30,,,Pack cocina,,1,,,VENTA,,,1,UN,1,0,2025-12-12 18:28:42
31,,,Guantes nitrilo L por 100,,1,,,VENTA,,,1,UN,1,0,2025-12-12 18:28:42
32,,,Caja toallas Super cortas,,1,,,VENTA,,,1,UN,1,0,2025-12-12 18:28:42
33,,,Surgizime E2 x 5 Lts,,1,,,VENTA,,,1,UN,1,0,2025-12-12 18:28:42
34,,,Surgizime O3 1 litro,,1,,,VENTA,,,1,UN,1,0,2025-12-12 18:28:42
35,,,Surgizime E2 bidón 5 litros,,1,,,VENTA,,,1,UN,1,0,2025-12-12 18:28:42
36,,,Surgibac G bidón 5 litros,,1,,,VENTA,,,1,UN,1,0,2025-12-12 18:28:42
37,,,Guante veterinario bolsa por 100 un,,1,,,VENTA,,,1,UN,1,0,2025-12-12 18:28:42
38,,,Toallas Supre Corta,,1,,,VENTA,,,1,UN,1,0,2025-12-12 18:28:42
39,,,Cofias descartables,,1,,,VENTA,,,1,UN,1,0,2025-12-12 18:28:42
40,,,Surgizime L5 bidón x 5 Lts,,1,,,VENTA,,,1,UN,1,0,2025-12-12 18:28:42
41,,,Bac 500,,1,,,VENTA,,,1,UN,1,0,2025-12-12 18:28:42
42,,,Suribac PA 1 litro,,1,,,VENTA,,,1,UN,1,0,2025-12-12 18:28:42
43,,,Pack 122,,1,,,VENTA,,,1,UN,1,0,2025-12-12 18:28:42
44,,,"Toallas Super 2,500",,1,,,VENTA,,,1,UN,1,0,2025-12-12 18:28:42
45,,,Surgibac PA bidón 5 litros,,1,,,VENTA,,,1,UN,1,0,2025-12-12 18:28:42
46,,,Toalla 6*200,,1,,,VENTA,,,1,UN,1,0,2025-12-12 18:28:42
47,,,Toallas super caja 10 pack x 250 Un,,1,,,VENTA,,,1,UN,1,0,2025-12-12 18:28:42
48,,,Barbijos con elástico,,1,,,VENTA,,,1,UN,1,0,2025-12-12 18:28:42
49,,,Guantes Veterinarios Polietileno bolsa por 100,,1,,,VENTA,,,1,UN,1,0,2025-12-12 18:28:42
50,,,Pack papel higiénico x 18 rollos,,1,,,VENTA,,,1,UN,1,0,2025-12-12 18:28:42
51,,,Surgibac PA 5 litros,,1,,,VENTA,,,1,UN,1,0,2025-12-12 18:28:42
52,,,Surgibac G botella x 1 Lt,,1,,,VENTA,,,1,UN,1,0,2025-12-12 18:28:42
53,,,Foam,,1,,,VENTA,,,1,UN,1,0,2025-12-12 18:28:42
54,,,ENTREGADO,,1,,,VENTA,,,1,UN,1,0,2025-12-12 18:28:42
55,,,Surgibac PA botella 1 litro,,1,,,VENTA,,,1,UN,1,0,2025-12-12 18:28:42
56,,,Surgizime E2,,1,,,VENTA,,,1,UN,1,0,2025-12-12 18:28:42
57,,,Surgizime L5 x 5,,1,,,VENTA,,,1,UN,1,0,2025-12-12 18:28:42
58,,,Barbijos rectos con tiras,,1,,,VENTA,,,1,UN,1,0,2025-12-12 18:28:42
59,,,"Toallas Super Cortas caja or 2,500",,1,,,VENTA,,,1,UN,1,0,2025-12-12 18:28:42
60,,,Surgizime O3 botella por 1 litro,,1,,,VENTA,,,1,UN,1,0,2025-12-12 18:28:42
61,,,Caimlleros pack por 2 rollos,,1,,,VENTA,,,1,UN,1,0,2025-12-12 18:28:42
62,,,Surgizime L5 bidón 5 litros,,1,,,VENTA,,,1,UN,1,0,2025-12-12 18:28:42
63,,,Surgizime L5 bidón por 5 litros,,1,,,VENTA,,,1,UN,1,0,2025-12-12 18:28:42
64,,,Surgizime L5 botella x 1 Lt,,1,,,VENTA,,,1,UN,1,0,2025-12-12 18:28:42
65,,,Surgizime E2 x 1 Lt,,1,,,VENTA,,,1,UN,1,0,2025-12-12 18:28:42
66,,,Surgizime L5 bidon x 5 Lts,,1,,,VENTA,,,1,UN,1,0,2025-12-12 18:28:42
67,,,Surgizime O3 x 1 Lt,,1,,,VENTA,,,1,UN,1,0,2025-12-12 18:28:42
68,,,Surgizime O3 x 5 litros,,1,,,VENTA,,,1,UN,1,0,2025-12-12 18:28:42
69,,,Surgizime O3 x 5 Lts,,1,,,VENTA,,,1,UN,1,0,2025-12-12 18:28:42
70,,,Surgizime O3 bidón 5 L,,1,,,VENTA,,,1,UN,1,0,2025-12-12 18:28:42
71,,,Surgizime O3 bidon x 5 Lts,,1,,,VENTA,,,1,UN,1,0,2025-12-12 18:28:42
72,,,Cubrecalzados,,1,,,VENTA,,,1,UN,1,0,2025-12-12 18:28:42
73,,,Entrega,,1,,,VENTA,,,1,UN,1,0,2025-12-12 18:28:42
74,,,Surgizime E2 bidón por 5 litros,,1,,,VENTA,,,1,UN,1,0,2025-12-12 18:28:42
75,,,Surgizime E2 1 litro,,1,,,VENTA,,,1,UN,1,0,2025-12-12 18:28:42
76,,,Surgizime E2 bidón 5 L,,1,,,VENTA,,,1,UN,1,0,2025-12-12 18:28:42
77,,,Surgibac G 5 litros,,1,,,VENTA,,,1,UN,1,0,2025-12-12 18:28:42
78,,,Surgibac PA bidón por 5 litros,,1,,,VENTA,,,1,UN,1,0,2025-12-12 18:28:42
79,,,Guantes nitrilo L caja por 100,,1,,,VENTA,,,1,UN,1,0,2025-12-12 18:28:42
80,,,Guante nitrilo L,,1,,,VENTA,,,1,UN,1,0,2025-12-12 18:28:42
81,,,Guante Clasic Nro 8,,1,,,VENTA,,,1,UN,1,0,2025-12-12 18:28:42
82,,,Guante Clasic Nro 7,,1,,,VENTA,,,1,UN,1,0,2025-12-12 18:28:42
83,,,Surginac PA bidón x 5 Lts,,1,,,VENTA,,,1,UN,1,0,2025-12-12 18:28:42
84,,,Guantes nitrilo M caja por 100,,1,,,VENTA,,,1,UN,1,0,2025-12-12 18:28:42
85,,,Surgibac G por 5 litros,,1,,,VENTA,,,1,UN,1,0,2025-12-12 18:28:42
86,,,Surgibac G por 1 litro,,1,,,VENTA,,,1,UN,1,0,2025-12-12 18:28:42
87,,,Surgibac PA  x 1 litro,,1,,,VENTA,,,1,UN,1,0,2025-12-12 18:28:42
88,,,Pack Bobina INdustrial,,1,,,VENTA,,,1,UN,1,0,2025-12-12 18:28:42
89,,,Jabón Bac 500,,1,,,VENTA,,,1,UN,1,0,2025-12-12 18:28:42
90,,,Jabón Bac 5 litros,,1,,,VENTA,,,1,UN,1,0,2025-12-12 18:28:42
91,,,Jabon Neutro Hand bidon x 5 Lts,,1,,,VENTA,,,1,UN,1,0,2025-12-12 18:28:42
92,,,Higiénico 122,,1,,,VENTA,,,1,UN,1,0,2025-12-12 18:28:42
93,,,Papel higiénico 122 pack,,1,,,VENTA,,,1,UN,1,0,2025-12-12 18:28:42
94,,,Paño Liquid Sound  * 50,,1,,,VENTA,,,1,UN,1,0,2025-12-12 18:28:42
95,,,Pack Camilleros,,1,,,VENTA,,,1,UN,1,0,2025-12-12 18:28:42
96,,,Liquid Sound Bac  bidón 5 litros,,1,,,VENTA,,,1,UN,1,0,2025-12-12 18:28:42
97,,,30-52744428-0,,1,,,VENTA,,,1,UN,1,0,2025-12-12 18:28:42
98,,,Bac 5 litros,,1,,,VENTA,,,1,UN,1,0,2025-12-12 18:28:42
99,,,Nitrilo L,,1,,,VENTA,,,1,UN,1,0,2025-12-12 18:28:42
100,,,Nitrilo M,,1,,,VENTA,,,1,UN,1,0,2025-12-12 18:28:42
101,,,Liquid Sound Bac 500 cc,,1,,,VENTA,,,1,UN,1,0,2025-12-12 18:28:42
102,,,Surgizime trienzimatico O3 bidon x 5 Lts,,1,,,VENTA,,,1,UN,1,0,2025-12-12 18:28:42
103,,,Toallas intercaladas,,1,,,VENTA,,,1,UN,1,0,2025-12-12 18:28:42
104,,,Toallas Super caja por 2500,,1,,,VENTA,,,1,UN,1,0,2025-12-12 18:28:42
105,,,Toalla Super corta,,1,,,VENTA,,,1,UN,1,0,2025-12-12 18:28:42
106,,,Toalla Super caja,,1,,,VENTA,,,1,UN,1,0,2025-12-12 18:28:42
107,,,Toalla Super Blanca 21*25,,1,,,VENTA,,,1,UN,1,0,2025-12-12 18:28:42
108,,,Surogizime L5 por 5 litros,,1,,,VENTA,,,1,UN,1,0,2025-12-12 18:28:42
109,,,surigizme l5,,1,,,VENTA,,,1,UN,1,0,2025-12-12 18:28:42
110,,,Surgizzime O3 bidón 5 litros,,1,,,VENTA,,,1,UN,1,0,2025-12-12 18:28:42
111,,,Surgizzime L5 bidón 5 litros,,1,,,VENTA,,,1,UN,1,0,2025-12-12 18:28:42
112,,,Surgizime trienzimatico O3 botella  x 1 litro,,1,,,VENTA,,,1,UN,1,0,2025-12-12 18:28:42
113,,,Barbijos Rectos c/elástico,,1,,,VENTA,,,1,UN,1,0,2025-12-12 18:28:42
114,,,Barbijo con elástico,,1,,,VENTA,,,1,UN,1,0,2025-12-12 18:28:42
115,,,Bac 500 cc,,1,,,VENTA,,,1,UN,1,0,2025-12-12 18:28:42
116,,,bac 5 lts,,1,,,VENTA,,,1,UN,1,0,2025-12-12 18:28:42
117,,,Alcohol en gel bidón por 5 Lts,,1,,,VENTA,,,1,UN,1,0,2025-12-12 18:28:42
118,,,Alcohol en gel,,1,,,VENTA,,,1,UN,1,0,2025-12-12 18:28:42
119,,,Alcohol 70% bidon x 5 Lts,,1,,,VENTA,,,1,UN,1,0,2025-12-12 18:28:42
120,,,Alcohol 70 ° bidón por 5 litros,,1,,,VENTA,,,1,UN,1,0,2025-12-12 18:28:42
121,,,Acohol 70 % bidon x 5 Lts,,1,,,VENTA,,,1,UN,1,0,2025-12-12 18:28:42
122,,,Nitrilo S,,1,,,VENTA,,,1,UN,1,0,2025-12-12 18:28:42
123,,,LiquidSound Hand,,1,,,VENTA,,,1,UN,1,0,2025-12-12 18:28:42
124,,,Liquid Sound Bac 5 litros,,1,,,VENTA,,,1,UN,1,0,2025-12-12 18:28:42
125,,,Jabón para manos Neutro sin aroma ni color,,1,,,VENTA,,,1,UN,1,0,2025-12-12 18:28:42
126,,,Jabón para manos Bactericida sin aroma ni color,,1,,,VENTA,,,1,UN,1,0,2025-12-12 18:28:42
127,,,Jabón Neutro Hand bidon 5 Lts,,1,,,VENTA,,,1,UN,1,0,2025-12-12 18:28:42
128,,,Jabón Hand bidón por 5 litros,,1,,,VENTA,,,1,UN,1,0,2025-12-12 18:28:42
129,,,Jabón Bactericida botella x 500 ML,,1,,,VENTA,,,1,UN,1,0,2025-12-12 18:28:42
130,,,Jabón bactericida BAC bidón x 5 Lts,,1,,,VENTA,,,1,UN,1,0,2025-12-12 18:28:42
131,,,Jabón Bactericida 5 litros,,1,,,VENTA,,,1,UN,1,0,2025-12-12 18:28:42
132,,,Jabón Bac x 500 cc,,1,,,VENTA,,,1,UN,1,0,2025-12-12 18:28:42
133,,,Jabón BAC x 5 litros,,1,,,VENTA,,,1,UN,1,0,2025-12-12 18:28:42
134,,,Jabón BAC bidón x 5 Lts,,1,,,VENTA,,,1,UN,1,0,2025-12-12 18:28:42
135,,,Jabón Baac 5 litros,,1,,,VENTA,,,1,UN,1,0,2025-12-12 18:28:42
136,,,Jabon Liquid Sound Bac 500 cc,,1,,,VENTA,,,1,UN,1,0,2025-12-12 18:28:42
137,,,Jabon Bac bidón x 5 Lts,,1,,,VENTA,,,1,UN,1,0,2025-12-12 18:28:42
138,,,Jabon BAC bidón 5 litros,,1,,,VENTA,,,1,UN,1,0,2025-12-12 18:28:42
139,,,Jabon Bac 500 cc,,1,,,VENTA,,,1,UN,1,0,2025-12-12 18:28:42
140,,,Jabon Bac 500,,1,,,VENTA,,,1,UN,1,0,2025-12-12 18:28:42
141,,,Guardapolvos descartables color azul,,1,,,VENTA,,,1,UN,1,0,2025-12-12 18:28:42
142,,,Guantes veterinarios caja x 100 Un,,1,,,VENTA,,,1,UN,1,0,2025-12-12 18:28:42
143,,,Guantes veterinarios bolsa x 100 un,,1,,,VENTA,,,1,UN,1,0,2025-12-12 18:28:42
144,,,Papel 6 x 200,,1,,,VENTA,,,1,UN,1,0,2025-12-12 18:28:42
145,,,Pack Papel Higienico 122,,1,,,VENTA,,,1,UN,1,0,2025-12-12 18:28:42
146,,,Pack higiénico 122,,1,,,VENTA,,,1,UN,1,0,2025-12-12 18:28:42
147,,,Pack de cocina x 6 rollos,,1,,,VENTA,,,1,UN,1,0,2025-12-12 18:28:42
148,,,Pack camilleros x 2 rollos,,1,,,VENTA,,,1,UN,1,0,2025-12-12 18:28:42
149,,,Pack Bobina Industrial x 2 u,,1,,,VENTA,,,1,UN,1,0,2025-12-12 18:28:42
150,,,Pack bobina * 2,,1,,,VENTA,,,1,UN,1,0,2025-12-12 18:28:42
151,,,pa 5 lts,,1,,,VENTA,,,1,UN,1,0,2025-12-12 18:28:42
152,,,Resma kraft 60x60 x 20kg M/Kims,,1,,,VENTA,,,1,UN,1,0,2025-12-12 18:28:42
153,,,Paños Celsoft bolsa por 500,,1,,,VENTA,,,1,UN,1,0,2025-12-12 18:28:42
154,,,Paños bolsa por 50,,1,,,VENTA,,,1,UN,1,0,2025-12-12 18:28:42
155,,,Paño 30*30 1/4 por 500,,1,,,VENTA,,,1,UN,1,0,2025-12-12 18:28:42
156,,,Paquetes toallas 6*200,,1,,,VENTA,,,1,UN,1,0,2025-12-12 18:28:42
157,,,Paquetes toallas 6 x 200,,1,,,VENTA,,,1,UN,1,0,2025-12-12 18:28:42
158,,,Papelhigiénico 122,,1,,,VENTA,,,1,UN,1,0,2025-12-12 18:28:42
159,,,Papel Toalla 6 x 3200,,1,,,VENTA,,,1,UN,1,0,2025-12-12 18:28:42
160,,,Papel Kraft 600*600 mm resma 20 kg,,1,,,VENTA,,,1,UN,1,0,2025-12-12 18:28:42
161,,,Papel higiénico blanco puro 122 mts Pack por 18 unid,,1,,,VENTA,,,1,UN,1,0,2025-12-12 18:28:42
162,,,Papel higiénico 122,,1,,,VENTA,,,1,UN,1,0,2025-12-12 18:28:42
163,,,Papel higiénico * 18,,1,,,VENTA,,,1,UN,1,0,2025-12-12 18:28:42
164,,,PAPEL HIGIÉNICO,,1,,,VENTA,,,1,UN,1,0,2025-12-12 18:28:42
165,,,Papel hig 122,,1,,,VENTA,,,1,UN,1,0,2025-12-12 18:28:42
166,,,Surgibac G bidon x 5 Lts,,1,,,VENTA,,,1,UN,1,0,2025-12-12 18:28:42
167,,,Surgibac G bidon por 5 litros,,1,,,VENTA,,,1,UN,1,0,2025-12-12 18:28:42
168,,,Surgibac G bidon 5 x Lts,,1,,,VENTA,,,1,UN,1,0,2025-12-12 18:28:42
169,,,Surgiba PA bidón 5 L,,1,,,VENTA,,,1,UN,1,0,2025-12-12 18:28:42
170,,,Surgba PA X 5 Lts,,1,,,VENTA,,,1,UN,1,0,2025-12-12 18:28:42
171,,,Srgizime O3botella 1 litro,,1,,,VENTA,,,1,UN,1,0,2025-12-12 18:28:42
172,,,Srgizime O3 bidón x 5 Lts,,1,,,VENTA,,,1,UN,1,0,2025-12-12 18:28:42
173,,,Srgizime O3 bidón por 5 litros,,1,,,VENTA,,,1,UN,1,0,2025-12-12 18:28:42
174,,,Soft clean caja por 500,,1,,,VENTA,,,1,UN,1,0,2025-12-12 18:28:42
175,,,Sirgizime O3 bidon x 5 Lts,,1,,,VENTA,,,1,UN,1,0,2025-12-12 18:28:42
176,,,Servicio entrega,,1,,,VENTA,,,1,UN,1,0,2025-12-12 18:28:42
177,,,ROLLOS TOALLA 6*200,,1,,,VENTA,,,1,UN,1,0,2025-12-12 18:28:42
178,,,Rollos 6*200,,1,,,VENTA,,,1,UN,1,0,2025-12-12 18:28:42
179,,,Guantes veterinarios bolsa por 100 un,,1,,,VENTA,,,1,UN,1,0,2025-12-12 18:28:42
180,,,Guantes rojos para ácido,,1,,,VENTA,,,1,UN,1,0,2025-12-12 18:28:42
181,,,Guantes polietileno veterinarios bolsa x 100 Un,,1,,,VENTA,,,1,UN,1,0,2025-12-12 18:28:42
182,,,Guantes polietileno caja x 100 un,,1,,,VENTA,,,1,UN,1,0,2025-12-12 18:28:42
183,,,Guantes polientileno bolsa x 2 un,,1,,,VENTA,,,1,UN,1,0,2025-12-12 18:28:42
184,,,Guantes Ntrilo L caja por 100,,1,,,VENTA,,,1,UN,1,0,2025-12-12 18:28:42
185,,,Guantes nitrilo x 100 un,,1,,,VENTA,,,1,UN,1,0,2025-12-12 18:28:42
186,,,Guantes nitrilo negro S x100,,1,,,VENTA,,,1,UN,1,0,2025-12-12 18:28:42
187,,,Guantes nitrilo L x 100 un,,1,,,VENTA,,,1,UN,1,0,2025-12-12 18:28:42
188,,,Guantes moteados,,1,,,VENTA,,,1,UN,1,0,2025-12-12 18:28:42
189,,,Guantes Látex caja por 100 L,,1,,,VENTA,,,1,UN,1,0,2025-12-12 18:28:42
190,,,Guantes Latex S,,1,,,VENTA,,,1,UN,1,0,2025-12-12 18:28:42
191,,,Surgibac PA botella,,1,,,VENTA,,,1,UN,1,0,2025-12-12 18:28:42
192,,,Surgibac PA Bidón x 5 Lts,,1,,,VENTA,,,1,UN,1,0,2025-12-12 18:28:42
193,,,Surgibac PA 1 litro,,1,,,VENTA,,,1,UN,1,0,2025-12-12 18:28:42
194,,,Surgibac PA  Plus botella x 1 Lt,,1,,,VENTA,,,1,UN,1,0,2025-12-12 18:28:42
195,,,Surgibac O3 bidón 5 litros,,1,,,VENTA,,,1,UN,1,0,2025-12-12 18:28:42
196,,,Surgibac G x 1 litro,,1,,,VENTA,,,1,UN,1,0,2025-12-12 18:28:42
197,,,Surgibac G Bidón x 5 Lts,,1,,,VENTA,,,1,UN,1,0,2025-12-12 18:28:42
198,,,Surgibac G bidón x 5 litros,,1,,,VENTA,,,1,UN,1,0,2025-12-12 18:28:42
199,,,Guantes Latex M,,1,,,VENTA,,,1,UN,1,0,2025-12-12 18:28:42
200,,,Guante Veterinario Polietileno bolsa por 100,,1,,,VENTA,,,1,UN,1,0,2025-12-12 18:28:42
201,,,Guante Veterinario,,1,,,VENTA,,,1,UN,1,0,2025-12-12 18:28:42
202,,,Guante nitrilo XL caja por 100,,1,,,VENTA,,,1,UN,1,0,2025-12-12 18:28:42
203,,,Guante nitrilo NP negro caja por 100 UN,,1,,,VENTA,,,1,UN,1,0,2025-12-12 18:28:42
204,,,Guante nitrilo NP negro caja por 100 L,,1,,,VENTA,,,1,UN,1,0,2025-12-12 18:28:42
205,,,Guante nitrilo caja por 100 Un Talle XL,,1,,,VENTA,,,1,UN,1,0,2025-12-12 18:28:42
206,,,Guante nitrilo caja por 100,,1,,,VENTA,,,1,UN,1,0,2025-12-12 18:28:42
207,,,Guante Nitrilo aja 100 XL,,1,,,VENTA,,,1,UN,1,0,2025-12-12 18:28:42
208,,,Guante nitril M caja por 100,,1,,,VENTA,,,1,UN,1,0,2025-12-12 18:28:42
209,,,Surgizime 03 bidón por 5,,1,,,VENTA,,,1,UN,1,0,2025-12-12 18:28:42
210,,,Surginac PA bidón por 5 litros,,1,,,VENTA,,,1,UN,1,0,2025-12-12 18:28:42
211,,,Surgibac PAbidón 5 litros,,1,,,VENTA,,,1,UN,1,0,2025-12-12 18:28:42
212,,,Surgibac PA x 1 Lts,,1,,,VENTA,,,1,UN,1,0,2025-12-12 18:28:42
213,,,"Surgibac PA Plus, bidon x 5 Lts",,1,,,VENTA,,,1,UN,1,0,2025-12-12 18:28:42
214,,,Surgibac PA Plus x 1 Lt,,1,,,VENTA,,,1,UN,1,0,2025-12-12 18:28:42
215,,,Surgibac PA Plus botella x 1 litro,,1,,,VENTA,,,1,UN,1,0,2025-12-12 18:28:42
216,,,Surgibac PA Plus 1 litro,,1,,,VENTA,,,1,UN,1,0,2025-12-12 18:28:42
217,,,Surgibac PA botella x 1 Lt,,1,,,VENTA,,,1,UN,1,0,2025-12-12 18:28:42
218,,,Surgibac PA botella por 1 litro,,1,,,VENTA,,,1,UN,1,0,2025-12-12 18:28:42
219,,,Gorros verdugos,,1,,,VENTA,,,1,UN,1,0,2025-12-12 18:28:42
220,,,Espuma Foam,,1,,,VENTA,,,1,UN,1,0,2025-12-12 18:28:42
221,,,Envío Murature 5013,,1,,,VENTA,,,1,UN,1,0,2025-12-12 18:28:42
222,,,Electrodos3M Cod 2228 Cajapor 50,,1,,,VENTA,,,1,UN,1,0,2025-12-12 18:28:42
223,,,Dto 5%,,1,,,VENTA,,,1,UN,1,0,2025-12-12 18:28:42
224,,,Divosan Active bidón,,1,,,VENTA,,,1,UN,1,0,2025-12-12 18:28:42
225,,,Dispenser toalla intercalada,,1,,,VENTA,,,1,UN,1,0,2025-12-12 18:28:42
226,,,Dispenser jabón liquido,,1,,,VENTA,,,1,UN,1,0,2025-12-12 18:28:42
227,,,Dispenser de Papel higiénico,,1,,,VENTA,,,1,UN,1,0,2025-12-12 18:28:42
228,,,Dispenser de jabón líquido,,1,,,VENTA,,,1,UN,1,0,2025-12-12 18:28:42
229,,,Surgizime E2 botella x 1 litro,,1,,,VENTA,,,1,UN,1,0,2025-12-12 18:28:42
230,,,Surgizime E2 botella por 1 Lt,,1,,,VENTA,,,1,UN,1,0,2025-12-12 18:28:42
231,,,Surgizime E2 botella por 1 litro,,1,,,VENTA,,,1,UN,1,0,2025-12-12 18:28:42
232,,,Surgizime E2 botella 1 lt,,1,,,VENTA,,,1,UN,1,0,2025-12-12 18:28:42
233,,,Surgizime E2 bidón 5,,1,,,VENTA,,,1,UN,1,0,2025-12-12 18:28:42
234,,,Surgizime E2 bidón,,1,,,VENTA,,,1,UN,1,0,2025-12-12 18:28:42
235,,,Surgizime E por 5 litros,,1,,,VENTA,,,1,UN,1,0,2025-12-12 18:28:42
236,,,Surgizime botella 1,,1,,,VENTA,,,1,UN,1,0,2025-12-12 18:28:42
237,,,Surgizime 03 botella x 1 Lt,,1,,,VENTA,,,1,UN,1,0,2025-12-12 18:28:42
238,,,Surgizime L5 por 1 litro,,1,,,VENTA,,,1,UN,1,0,2025-12-12 18:28:42
239,,,Surgizime L5 bidón 5 1 litros,,1,,,VENTA,,,1,UN,1,0,2025-12-12 18:28:42
240,,,Surgizime L5 bidón 5,,1,,,VENTA,,,1,UN,1,0,2025-12-12 18:28:42
241,,,Surgizime L5 bidón,,1,,,VENTA,,,1,UN,1,0,2025-12-12 18:28:42
242,,,Surgizime L5 bidon x 5 Lts 25 Lts,,1,,,VENTA,,,1,UN,1,0,2025-12-12 18:28:42
243,,,Surgizime L5 bidon x 5 Lt,,1,,,VENTA,,,1,UN,1,0,2025-12-12 18:28:42
244,,,Surgizime E2 x 1 Lts,,1,,,VENTA,,,1,UN,1,0,2025-12-12 18:28:42
245,,,Dispenser de jabón,,1,,,VENTA,,,1,UN,1,0,2025-12-12 18:28:42
246,,,Detergente enzimástico 03 bidón 5 litros,,1,,,VENTA,,,1,UN,1,0,2025-12-12 18:28:42
247,,,CUIT,,1,,,VENTA,,,1,UN,1,0,2025-12-12 18:28:42
248,,,Cubrezapatos par,,1,,,VENTA,,,1,UN,1,0,2025-12-12 18:28:42
249,,,Cubrezapatos,,1,,,VENTA,,,1,UN,1,0,2025-12-12 18:28:42
250,,,CUBRE CALZADO DESCARTABLE,,1,,,VENTA,,,1,UN,1,0,2025-12-12 18:28:42
251,,,Cofias tela fina descartable,,1,,,VENTA,,,1,UN,1,0,2025-12-12 18:28:42
252,,,Cofias tela descartables,,1,,,VENTA,,,1,UN,1,0,2025-12-12 18:28:42
253,,,COFIA PLISADA DESCARTABLE,,1,,,VENTA,,,1,UN,1,0,2025-12-12 18:28:42
254,,,Cofia Descartable,,1,,,VENTA,,,1,UN,1,0,2025-12-12 18:28:42
255,,,Cofia,,1,,,VENTA,,,1,UN,1,0,2025-12-12 18:28:42
256,,,Celsoft Folder 1/4 500,,1,,,VENTA,,,1,UN,1,0,2025-12-12 18:28:42
257,,,Camisolines descartables,,1,,,VENTA,,,1,UN,1,0,2025-12-12 18:28:42
258,,,Surgizime O3 bidón po 5 litros,,1,,,VENTA,,,1,UN,1,0,2025-12-12 18:28:42
259,,,Surgizime O3 bidón de 5 litros,,1,,,VENTA,,,1,UN,1,0,2025-12-12 18:28:42
260,,,Surgizime O3 bidón 5,,1,,,VENTA,,,1,UN,1,0,2025-12-12 18:28:42
261,,,Surgizime O3 bidón 1 litro,,1,,,VENTA,,,1,UN,1,0,2025-12-12 18:28:42
262,,,Surgizime O3 bidon x 5 litros,,1,,,VENTA,,,1,UN,1,0,2025-12-12 18:28:42
263,,,Surgizime O3  x 1 litro,,1,,,VENTA,,,1,UN,1,0,2025-12-12 18:28:42
264,,,Surgizime O3,,1,,,VENTA,,,1,UN,1,0,2025-12-12 18:28:42
265,,,Surgizime L5 x 1 litro,,1,,,VENTA,,,1,UN,1,0,2025-12-12 18:28:42
266,,,Surgizime L5 por 5 litros,,1,,,VENTA,,,1,UN,1,0,2025-12-12 18:28:42
267,,,Surgizime trienzimatico O3 bidon x 1 litro,,1,,,VENTA,,,1,UN,1,0,2025-12-12 18:28:42
268,,,Surgizime O· bidón por 5 litros,,1,,,VENTA,,,1,UN,1,0,2025-12-12 18:28:42
269,,,Surgizime O3 x 1 Lts,,1,,,VENTA,,,1,UN,1,0,2025-12-12 18:28:42
270,,,Surgizime O3 por 1 litro,,1,,,VENTA,,,1,UN,1,0,2025-12-12 18:28:42
271,,,Surgizime O3 botella x 1 litro,,1,,,VENTA,,,1,UN,1,0,2025-12-12 18:28:42
272,,,Surgizime O3 botella  x1 Lt,,1,,,VENTA,,,1,UN,1,0,2025-12-12 18:28:42
273,,,Surgizime O3 botella  x 1 Lt,,1,,,VENTA,,,1,UN,1,0,2025-12-12 18:28:42
274,,,Surgizime O3 botella,,1,,,VENTA,,,1,UN,1,0,2025-12-12 18:28:42
275,,,Camisolines,,1,,,VENTA,,,1,UN,1,0,2025-12-12 18:28:42
276,,,Camilleros,,1,,,VENTA,,,1,UN,1,0,2025-12-12 18:28:42
277,,,Calibración ECG,,1,,,VENTA,,,1,UN,1,0,2025-12-12 18:28:42
278,,,Cajas toallas Super cortas,,1,,,VENTA,,,1,UN,1,0,2025-12-12 18:28:42
279,,,Caja toallas beige cortas *2500,,1,,,VENTA,,,1,UN,1,0,2025-12-12 18:28:42
280,,,Caja toalla Super Corta,,1,,,VENTA,,,1,UN,1,0,2025-12-12 18:28:42
281,,,Caja guantes veterinario por 100,,1,,,VENTA,,,1,UN,1,0,2025-12-12 18:28:42
282,,,Caja Celsot paños celestes,,1,,,VENTA,,,1,UN,1,0,2025-12-12 18:28:42
283,,,Caimlleros pack por 2,,1,,,VENTA,,,1,UN,1,0,2025-12-12 18:28:42
284,,,Bolsas de polietileno cristal de 45x60 cm 100 micrones,,1,,,VENTA,,,1,UN,1,0,2025-12-12 18:28:42
285,,,Bolsa conteniendo 7 bolsas de 170 x 300 mm,,1,,,VENTA,,,1,UN,1,0,2025-12-12 18:28:42
286,,,Boinas 360,,1,,,VENTA,,,1,UN,1,0,2025-12-12 18:28:42
287,,,Bobina 2*300 pack por 2,,1,,,VENTA,,,1,UN,1,0,2025-12-12 18:28:42
288,,,|Bidón JD-TF 30 21 kg Diversey,,1,,,VENTA,,,1,UN,1,0,2025-12-12 18:28:42
289,,,|Bidón 2180 Diversey,,1,,,VENTA,,,1,UN,1,0,2025-12-12 18:28:42
290,,,Zapato Seguridad T43,,1,,,VENTA,,,1,UN,1,0,2025-12-12 18:28:42
291,,,Zapato Seguridad T42,,1,,,VENTA,,,1,UN,1,0,2025-12-12 18:28:42
292,,,Zapato Seguridad T41,,1,,,VENTA,,,1,UN,1,0,2025-12-12 18:28:42
293,,,Zapato Seguridad T40,,1,,,VENTA,,,1,UN,1,0,2025-12-12 18:28:42
294,,,Zapato Seguridad T39,,1,,,VENTA,,,1,UN,1,0,2025-12-12 18:28:42
295,,,Zapato Seguridad T38,,1,,,VENTA,,,1,UN,1,0,2025-12-12 18:28:42
296,,,Zapato Seguridad T36,,1,,,VENTA,,,1,UN,1,0,2025-12-12 18:28:42
297,,,Zapato Seguridad T35,,1,,,VENTA,,,1,UN,1,0,2025-12-12 18:28:42
298,,,ZAPATO DE SEGURIDAD TALLE 48,,1,,,VENTA,,,1,UN,1,0,2025-12-12 18:28:42
299,,,Tollas 6x200,,1,,,VENTA,,,1,UN,1,0,2025-12-12 18:28:42
300,,,Toallas Supr corta,,1,,,VENTA,,,1,UN,1,0,2025-12-12 18:28:42
301,,,Toallas Super Cortas,,1,,,VENTA,,,1,UN,1,0,2025-12-12 18:28:42
302,99001,,TEST_STD,Standard,1,,,VENTA,,,1,UN,1,0,2025-12-17 02:29:27
303,99002,,TEST_OVERRIDE,Override,1,,,VENTA,,,1,UN,1,0,2025-12-17 02:29:27
